Person(id=14, firstName=Harland, lastName=Batchelour, dateOfBirth=1997-06-27, email=hbatchelourd@wikispaces.com, gender=Male, recruitmentGroup=1, city=Banga, occupation=Chief Design Engineer)
Person(id=44, firstName=Cointon, lastName=Lethbridge, dateOfBirth=1998-04-06, email=clethbridge17@craigslist.org, gender=Male, recruitmentGroup=1, city=Ban Ko Lan, occupation=Teacher)
Person(id=137, firstName=Beauregard, lastName=Robet, dateOfBirth=1999-07-27, email=brobet3s@devhub.com, gender=Male, recruitmentGroup=1, city=Guohuan, occupation=Actuary)
Person(id=177, firstName=Elnar, lastName=Chisholm, dateOfBirth=2001-08-30, email=echisholm4w@fotki.com, gender=Male, recruitmentGroup=1, city=Maceió, occupation=Physical Therapy Assistant)
Person(id=182, firstName=Gian, lastName=Worthington, dateOfBirth=2001-01-13, email=gworthington51@behance.net, gender=Male, recruitmentGroup=1, city=Cisompet, occupation=Budget/Accounting Analyst III)
Person(id=274, firstName=Land, lastName=Yexley, dateOfBirth=1997-01-30, email=lyexley7l@bbb.org, gender=Male, recruitmentGroup=1, city=Daliuhang, occupation=Health Coach I)
Person(id=285, firstName=Staford, lastName=Johanssen, dateOfBirth=1997-08-21, email=sjohanssen7w@utexas.edu, gender=Male, recruitmentGroup=1, city=Phumĭ Véal Srê, occupation=Assistant Professor)
Person(id=311, firstName=Franciskus, lastName=Beckford, dateOfBirth=2000-09-04, email=fbeckford8m@cnbc.com, gender=Male, recruitmentGroup=1, city=Louisville, occupation=Internal Auditor)
Person(id=366, firstName=Kendell, lastName=Laidler, dateOfBirth=2000-05-23, email=klaidlera5@mtv.com, gender=Male, recruitmentGroup=1, city=Obolensk, occupation=Operator)
Person(id=396, firstName=Sayres, lastName=Pauncefoot, dateOfBirth=1998-09-11, email=spauncefootaz@hugedomains.com, gender=Male, recruitmentGroup=1, city=Caloue, occupation=Design Engineer)
Person(id=473, firstName=Vincent, lastName=Kahler, dateOfBirth=2004-06-25, email=vkahlerd4@oakley.com, gender=Male, recruitmentGroup=1, city=Xibër-Murrizë, occupation=Software Test Engineer III)
Person(id=521, firstName=Sylvan, lastName=Armin, dateOfBirth=2002-11-28, email=sarmineg@free.fr, gender=Male, recruitmentGroup=1, city=Canggou, occupation=Statistician III)
Person(id=535, firstName=Purcell, lastName=Tolan, dateOfBirth=2003-07-31, email=ptolaneu@so-net.ne.jp, gender=Male, recruitmentGroup=1, city=Farīmān, occupation=Environmental Specialist)
Person(id=555, firstName=Ryon, lastName=Coulthard, dateOfBirth=2001-11-04, email=rcoulthardfe@unesco.org, gender=Male, recruitmentGroup=1, city=Brinkmann, occupation=Business Systems Development Analyst)
Person(id=630, firstName=Fidelio, lastName=Cardenoso, dateOfBirth=1997-03-07, email=fcardenosohh@qq.com, gender=Male, recruitmentGroup=1, city=Chugur, occupation=Automation Specialist IV)
Person(id=665, firstName=Kristian, lastName=Warlock, dateOfBirth=2003-05-31, email=kwarlockig@vistaprint.com, gender=Male, recruitmentGroup=1, city=Mojoroto, occupation=Budget/Accounting Analyst II)
Person(id=743, firstName=Kinsley, lastName=Earey, dateOfBirth=1998-01-12, email=keareykm@godaddy.com, gender=Male, recruitmentGroup=1, city=Xidianzi, occupation=Desktop Support Technician)
Person(id=888, firstName=Abdel, lastName=Iban, dateOfBirth=2002-11-25, email=aibanon@devhub.com, gender=Male, recruitmentGroup=1, city=Couto, occupation=Programmer Analyst II)
Person(id=917, firstName=Grove, lastName=Fassum, dateOfBirth=2005-09-19, email=gfassumpg@ning.com, gender=Male, recruitmentGroup=1, city=Till, occupation=Developer II)
Person(id=951, firstName=Archibold, lastName=Shavel, dateOfBirth=2001-06-08, email=ashavelqe@bbb.org, gender=Male, recruitmentGroup=1, city=Siedliska, occupation=Software Consultant)
Person(id=31, firstName=Enrico, lastName=Seydlitz, dateOfBirth=2001-12-26, email=eseydlitzu@seesaa.net, gender=Male, recruitmentGroup=2, city=Magangué, occupation=Design Engineer)
Person(id=130, firstName=Jamill, lastName=Petticrow, dateOfBirth=1997-09-11, email=jpetticrow3l@answers.com, gender=Male, recruitmentGroup=2, city=Nassau, occupation=Programmer Analyst II)
Person(id=141, firstName=Bourke, lastName=Mote, dateOfBirth=1999-06-24, email=bmote3w@nature.com, gender=Male, recruitmentGroup=2, city=Zaña, occupation=Staff Scientist)
Person(id=247, firstName=Quinn, lastName=Alway, dateOfBirth=2003-12-04, email=qalway6u@examiner.com, gender=Male, recruitmentGroup=2, city=Täby, occupation=Pharmacist)
Person(id=254, firstName=Gasper, lastName=Phifer, dateOfBirth=2002-05-22, email=gphifer71@marriott.com, gender=Male, recruitmentGroup=2, city=La Fortuna, occupation=Senior Sales Associate)
Person(id=263, firstName=Vassily, lastName=Janny, dateOfBirth=2000-04-03, email=vjanny7a@163.com, gender=Male, recruitmentGroup=2, city=Atlanta, occupation=Electrical Engineer)
Person(id=336, firstName=Lewes, lastName=Gergler, dateOfBirth=2001-05-28, email=lgergler9b@usgs.gov, gender=Male, recruitmentGroup=2, city=Asahi, occupation=Internal Auditor)
Person(id=341, firstName=Neron, lastName=Deverson, dateOfBirth=2002-04-12, email=ndeverson9g@cdc.gov, gender=Male, recruitmentGroup=2, city=Marvdasht, occupation=Recruiting Manager)
Person(id=423, firstName=Alphonse, lastName=Sopp, dateOfBirth=1999-05-27, email=asoppbq@163.com, gender=Male, recruitmentGroup=2, city=Calizo, occupation=General Manager)
Person(id=435, firstName=Rudolf, lastName=Guierre, dateOfBirth=2003-04-02, email=rguierrec2@tinypic.com, gender=Male, recruitmentGroup=2, city=Stoczek Łukowski, occupation=Recruiter)
Person(id=578, firstName=Micky, lastName=Bockings, dateOfBirth=2005-10-03, email=mbockingsg1@amazonaws.com, gender=Male, recruitmentGroup=2, city=Lófos, occupation=Database Administrator III)
Person(id=590, firstName=Even, lastName=Brame, dateOfBirth=1998-07-22, email=ebramegd@a8.net, gender=Male, recruitmentGroup=2, city=São Bartolomeu, occupation=Quality Control Specialist)
Person(id=612, firstName=Drake, lastName=McCalister, dateOfBirth=2003-08-07, email=dmccalistergz@berkeley.edu, gender=Male, recruitmentGroup=2, city=El Copey, occupation=Senior Editor)
Person(id=617, firstName=Graham, lastName=Guiso, dateOfBirth=1998-08-23, email=gguisoh4@thetimes.co.uk, gender=Male, recruitmentGroup=2, city=Escuintla, occupation=Safety Technician IV)
Person(id=619, firstName=Kin, lastName=Buckenhill, dateOfBirth=1999-01-30, email=kbuckenhillh6@free.fr, gender=Male, recruitmentGroup=2, city=Kuala Terengganu, occupation=Staff Scientist)
Person(id=664, firstName=Kennie, lastName=Brothers, dateOfBirth=1999-01-19, email=kbrothersif@dagondesign.com, gender=Male, recruitmentGroup=2, city=Matsuyama, occupation=Assistant Professor)
Person(id=759, firstName=Grady, lastName=Richten, dateOfBirth=2001-01-09, email=grichtenl2@nbcnews.com, gender=Male, recruitmentGroup=2, city=Yao’an, occupation=Media Manager I)
Person(id=807, firstName=Ban, lastName=McKeefry, dateOfBirth=2001-07-06, email=bmckeefryme@ebay.com, gender=Male, recruitmentGroup=2, city=Iúna, occupation=General Manager)
Person(id=809, firstName=Giffy, lastName=Clemente, dateOfBirth=1999-03-31, email=gclementemg@alibaba.com, gender=Male, recruitmentGroup=2, city=Wangcungang, occupation=Recruiter)
Person(id=815, firstName=Sheppard, lastName=Mundwell, dateOfBirth=2005-08-20, email=smundwellmm@4shared.com, gender=Male, recruitmentGroup=2, city=Qimantage, occupation=Assistant Media Planner)
Person(id=830, firstName=Hugo, lastName=Spaldin, dateOfBirth=1999-05-23, email=hspaldinn1@diigo.com, gender=Male, recruitmentGroup=2, city=Castro Daire, occupation=Accounting Assistant II)
Person(id=842, firstName=Baillie, lastName=Joannidi, dateOfBirth=2003-04-10, email=bjoannidind@mozilla.com, gender=Male, recruitmentGroup=2, city=Gaoxu, occupation=Engineer IV)
Person(id=866, firstName=Desmond, lastName=Ternott, dateOfBirth=1998-07-28, email=dternotto1@blogs.com, gender=Male, recruitmentGroup=2, city=Haolibao, occupation=Associate Professor)
Person(id=889, firstName=Desmund, lastName=Danforth, dateOfBirth=2005-12-04, email=ddanforthoo@netscape.com, gender=Male, recruitmentGroup=2, city=Al Hāshimīyah, occupation=Operator)
Person(id=891, firstName=Burg, lastName=Ranaghan, dateOfBirth=2004-09-26, email=branaghanoq@cam.ac.uk, gender=Male, recruitmentGroup=2, city=Hrušovany u Brna, occupation=Associate Professor)
Person(id=902, firstName=James, lastName=Gladwin, dateOfBirth=2002-05-30, email=jgladwinp1@alibaba.com, gender=Male, recruitmentGroup=2, city=Tremembé, occupation=Paralegal)
Person(id=953, firstName=Quent, lastName=Hachard, dateOfBirth=2004-09-05, email=qhachardqg@example.com, gender=Male, recruitmentGroup=2, city=Lisia Góra, occupation=Developer I)
Person(id=50, firstName=Free, lastName=Killgus, dateOfBirth=2004-12-23, email=fkillgus1d@macromedia.com, gender=Male, recruitmentGroup=3, city=Polevskoy, occupation=Developer II)
Person(id=77, firstName=Fairleigh, lastName=Roberti, dateOfBirth=2004-12-31, email=froberti24@globo.com, gender=Male, recruitmentGroup=3, city=Loma Bonita, occupation=Accounting Assistant II)
Person(id=120, firstName=Giovanni, lastName=Handling, dateOfBirth=2002-12-26, email=ghandling3b@mediafire.com, gender=Male, recruitmentGroup=3, city=Stoczek Łukowski, occupation=Geological Engineer)
Person(id=264, firstName=Terry, lastName=De Bruyn, dateOfBirth=2000-04-08, email=tdebruyn7b@nps.gov, gender=Male, recruitmentGroup=3, city=Anxiang, occupation=Engineer II)
Person(id=276, firstName=Harbert, lastName=Whodcoat, dateOfBirth=2001-07-19, email=hwhodcoat7n@biblegateway.com, gender=Male, recruitmentGroup=3, city=La Vega, occupation=Teacher)
Person(id=318, firstName=Jarret, lastName=Lodge, dateOfBirth=2004-08-02, email=jlodge8t@businesswire.com, gender=Male, recruitmentGroup=3, city=Wagar, occupation=Recruiter)
Person(id=432, firstName=Francklyn, lastName=Blanko, dateOfBirth=2002-11-24, email=fblankobz@ask.com, gender=Male, recruitmentGroup=3, city=Tokarnia, occupation=Environmental Tech)
Person(id=434, firstName=Lev, lastName=Chasson, dateOfBirth=2004-11-28, email=lchassonc1@utexas.edu, gender=Male, recruitmentGroup=3, city=Rongxing, occupation=Software Consultant)
Person(id=463, firstName=Domenic, lastName=Twentyman, dateOfBirth=1997-08-07, email=dtwentymancu@irs.gov, gender=Male, recruitmentGroup=3, city=Ducheng, occupation=Human Resources Manager)
Person(id=474, firstName=Davon, lastName=Quinsee, dateOfBirth=2003-03-27, email=dquinseed5@weather.com, gender=Male, recruitmentGroup=3, city=Strohonivka, occupation=Environmental Tech)
Person(id=504, firstName=Rod, lastName=Nystrom, dateOfBirth=2005-09-17, email=rnystromdz@europa.eu, gender=Male, recruitmentGroup=3, city=Invercargill, occupation=Legal Assistant)
Person(id=567, firstName=Winfred, lastName=Fishpoole, dateOfBirth=2002-04-01, email=wfishpoolefq@miitbeian.gov.cn, gender=Male, recruitmentGroup=3, city=Fāmenīn, occupation=Pharmacist)
Person(id=628, firstName=Robinet, lastName=Foakes, dateOfBirth=2004-02-29, email=rfoakeshf@sfgate.com, gender=Male, recruitmentGroup=3, city=Kedungdowo, occupation=Paralegal)
Person(id=716, firstName=Darnall, lastName=Gilfether, dateOfBirth=2000-05-19, email=dgilfetherjv@wordpress.com, gender=Male, recruitmentGroup=3, city=Shangcai Zhongxing, occupation=Food Chemist)
Person(id=739, firstName=Kile, lastName=Casale, dateOfBirth=2002-04-11, email=kcasaleki@gizmodo.com, gender=Male, recruitmentGroup=3, city=Koronganayam, occupation=Human Resources Manager)
Person(id=747, firstName=Kevon, lastName=Schottli, dateOfBirth=2000-05-30, email=kschottlikq@mediafire.com, gender=Male, recruitmentGroup=3, city=Kertai, occupation=Chemical Engineer)
Person(id=753, firstName=Mohammed, lastName=Feore, dateOfBirth=1998-06-04, email=mfeorekw@weibo.com, gender=Male, recruitmentGroup=3, city=Shixiang, occupation=VP Sales)
Person(id=777, firstName=Harwilll, lastName=Risebrow, dateOfBirth=2001-11-24, email=hrisebrowlk@smh.com.au, gender=Male, recruitmentGroup=3, city=Sovetsk, occupation=Computer Systems Analyst IV)
Person(id=885, firstName=Brennan, lastName=Giggs, dateOfBirth=2005-11-28, email=bgiggsok@webeden.co.uk, gender=Male, recruitmentGroup=3, city=Dongxiang, occupation=Financial Advisor)
Person(id=915, firstName=Jessie, lastName=Melesk, dateOfBirth=2003-11-11, email=jmeleskpe@timesonline.co.uk, gender=Male, recruitmentGroup=3, city=Lijia, occupation=Software Test Engineer II)
Person(id=937, firstName=Dukie, lastName=Guterson, dateOfBirth=2001-02-06, email=dgutersonq0@aol.com, gender=Male, recruitmentGroup=3, city=Krzynowłoga Mała, occupation=Internal Auditor)
Person(id=939, firstName=Sheridan, lastName=Jeaneau, dateOfBirth=2005-03-04, email=sjeaneauq2@t.co, gender=Male, recruitmentGroup=3, city=Hexi, occupation=Nuclear Power Engineer)

